"regid","regdate","username","password","usertype","emailid","contactno"
"1","2022-09-01","Amit","123","Consumer","amit@gmail.com",""
"2","2022-09-01","Admin","admin","Admin","admin@gmail.com",""
"3","2022-11-18","Raj","123","Consumer","raj@gmail.com",""
"4","2022-12-17","Pratixa","123456","Consumer","pratixa1234@gmail.com",""
"5","2023-02-18","Swayam","123","Consumer","swayam@gmail.com","9879641323"
"6","2023-04-15","Kiran","123","Consumer","kiran@gmail.com",""
"7","2023-04-22","Ajay","123","Consumer","ajya@gmail.com",""
